"contrato";"contratado";"valor";"objeto";"licitacao";"modalidade_licitacao";"inicio";"vencimento"
"90/2013";" 05.120.923/0001-09 - AEROTUR SERVIÇOS DE VIAGENS LTDA";"R$    11.340.000,66";"SERVIÇO DE AGENCIAMENTO DE VIAGENS, COMPREENDENDO OS SERVIÇOS DE RESERVA, EMISSÃO, MARCAÇÃO, REMARCAÇÃO E CANCELAMENTO DE PASSAGENS AÉREAS NACIONAL E INTERNACIONAL PARA ATENDER DEMANDAS DA UFRN.";"PR-65/2013";"PREGÃO";"20/11/2013";"20/11/2018"
"10/2014";" 03.538.129/0001-46 - M.A.C DE MELO";"R$     1.411.230,93";"SERVIÇOS DE MANUTENÇÃO PREVENTIVA E CORRETIVA DE MECÂNICA, ELÉTRICA, LANTERNAGEM, PINTURA, CAPOTARIA E ESTOFARIA, EM VEÍCULOS DE PORTES MÉDIOS GRANDES E DE MOTOCICLETAS, PERTENCENTES AO PATRIMÔNIO DA UFRN, ALÉM DE FORNECIMENTO DE PEÇAS PARA OS SERVIÇOS DE MANUTENÇÃO E FUNILARIA, BEM COMO SERVIÇO DE REBOQUE.
";"PR-30/2013";"PREGÃO";"10/03/2014";"10/03/2019"
"15/2014";" 09.080.300/0001-00 - MONTEIRO & MESQUITA LTDA EPP";"R$       736.440,00";"SERVIÇOS DE MANUTENÇÃO PREVENTIVA E CORRETIVA DE MECÂNICA, ELÉTRICA, LANTERNAGEM, EM VEÍCULOS DE PEQUENOS E MÉDIOS PORTES, PERTENCENTES AO PATRIMÔNIO DA UFRN, ALÉM DE FORNECIMENTO DE PEÇAS PARA OS SERVIÇOS DE MANUTENÇÃO BEM COMO SERVIÇO DE REBOQUE.";"PR-30/2013";"PREGÃO";"10/03/2014";"10/03/2019"
"18/2014";" 00.000.278/8824-04 - ARNALDO SANTIAGO NUNES";"R$        96.000,00";"LOCAÇÃO DO IMÓVEL SITUADO AVENIDA NASCIMENTO DE CASTRO Nº 2151 LAGOA NOVA NATAL-RN, IMÓVEL QUE IRÁ SERVIR PARA ABRIGAR AS ATIVIDADES A SEREM DESENVOLVIDAS PELO INSTITUTO DO CÉREBRO.";"DL-12/2014";"DISPENSA DE LICITAÇÃO";"10/03/2014";"10/03/2019"
"20/2014";" 10.334.942/0001-60 - CARBOX LTDA - ME";"R$       687.000,00";"SERVIÇOS DE, LANTERNAGEM, PINTURA, CAPOTARIA E ESTOFARIA, EM VEÍCULOS DE PORTES PEQUENOS E MÉDIOS, PERTENCENTES AO PATRIMÔNIO DA UFRN, ALÉM DE FORNECIMENTO DE PEÇAS PARA OS SERVIÇOS DE MANUTENÇÃO E FUNILARIA, BEM COMO SERVIÇO DE REBOQUE.
";"PR-30/2013";"PREGÃO";"10/03/2014";"10/03/2019"
"30/2014";" 10.298.485/0001-03 - TOTAL MULTIMIDIA LOCAÇÃO E EVENTOS LTDA-ME";"R$       237.255,00";"SERVIÇO DE GRAVAÇÃO DE ÁUDIO E VÍDEO DAS PROVAS ORAIS (DIDÁTICA E MPAP).";"PR-25/2013";"PREGÃO";"01/04/2014";"01/04/2019"
"60/2014";" 24.367.732/0001-82 - PRAIAMAR EMPREENDIMENTOS TURISTICOS LTDA";"R$     6.651.640,70";"SERVIÇOS DE HOTELARIA (HOSPEDAGENS, REFEIÇÕES, AUDITÓRIOS, AMBIENTES PARA REALIZAÇÃO DE SEMINÁRIOS, SIMPÓSIOS, PALESTRAS, CONVENÇÕES E ENCONTROS DE TRABALHO, LOCAÇÃO DE EQUIPAMENTOS, SISTEMA DE SONORIZAÇÃO E PROJEÇÃO DE IMAGENS).";"PR-14/2014";"PREGÃO";"15/07/2014";"15/07/2019"
"67/2014";" 14.639.720/0001-06 - INFRAMERICA CONCESSIONARIA SA";"R$       176.010,82";"SERVIÇOS DE CAPATAZIA PELA INFRAMÉRICA, COMPREENDENDO AGUARDA, MANUSEIO, MOVIMENTAÇÃO E CONTROLE DA CARGA NOS ARMAZÉNS DO TERMINAL DE CARGAS DO AEROPORTO INTERNACIONAL DE SÃO GONÇALO DO AMARANTE.

";"IN-2002/2014";"INEXIGIBILIDADE DE LICITAÇÃO";"01/10/2014";"29/09/2018"
"96/2014";" 07.093.918/0001-71 - CENTRO DE CAPACITAÇÃO PATATIVA DO ASSARÉ";"R$       223.256,00";"SERVIÇOS DE HOSPEDAGEM (ALOJAMENTO/ALBERGUE) E ALIMENTAÇÃO, NO PERÍMETRO URBANO DAS CIDADES QUE FORMAM A REGIÃO DA GRANDE NATAL.
.
";"PR-99/2014";"PREGÃO";"11/11/2014";"11/11/2018"
"10/2015";" 00.604.122/0001-97 - TRIVALE ADMINISTRACAO LTDA";"R$     2.499.500,00";"GERENCIAMENTO INFORMATIZADO DE COMBUSTÍVEIS COM UTILIZAÇÃO DE CARTÃO ELETRÔNICO OU MAGNÉTICO, ENVOLVENDO A IMPLANTAÇÃO DO SISTEMA E O FORNECIMENTO (GASOLINA, ÁLCOOL E DIESEL), VISANDO ATENDER AOS VEÍCULOS DA FROTA PERTENCENTES À UFRN.";"PR-105/2014";"PREGÃO";"05/01/2015";"05/01/2019"
"18/2015";" 12.801.601/0001-82 - PROTÁSIO LOCAÇÃO E TURISMO LTDA";"R$     1.125.000,00";"LOCAÇÃO DE ÔNIBUS E MICRO-ÔNIBUS, PARA TRANSPORTE DE PROFESSORES, ESTUDANTES E SERVIDORES DA UFRN, BEM COMO LOCAÇÃO DE VEÍCULO DE PASSEIO NA CIDADE DE BRASÍLIA/DF.";"PR-110/2014";"PREGÃO";"02/03/2015";"01/03/2019"
"22/2015";" 01.694.415/0001-75 - HASTE-HABITAÇÃO E SERVIÇOS TÉCNICOS LTDA";"R$    11.562.626,14";"O PRESENTE CONTRATO TEM COMO OBJETO A EXECUÇÃO PELA CONTRATADA  DA CONSTRUÇÃO DO INSTITUTO DE MEDICINA TROPICAL - IMT - NATAL/RN.";"RDC-21/2014";"REGIME DIF. DE CONTRATAÇÃO";"02/03/2015";"12/11/2018"
"24/2015";" 40.938.508/0001-50 - MAQ-LAREM MAQUINAS MOVÉIS E EQUIPAMENTOS LTDA ME";"R$       481.500,00";"SERVIÇO DE LOCAÇÃO DE MÁQUINAS FOTOCOPIADORAS.";"PR-120/2013";"PREGÃO";"10/03/2015";"10/03/2019"
"25/2015";" 40.794.497/0001-81 - DIRETRONICA SERVIÇOS ELETRONICOS LTDA ME";"R$       321.032,74";"SERVIÇOS DE MANUTENÇÃO PREVENTIVA E CORRETIVA, INCLUINDO O FORNECIMENTO DE PEÇAS, COMPONENTES E ACESSÓRIOS, BEM COMO REMANEJAMENTO DE PONTOS NOS EQUIPAMENTOS E NA INFRA-ESTRUTURA FÍSICA DOS SISTEMAS DE CIRCUITO FECHADO DE TELEVISÃO (CFTV) DIGITAL, DE ACORDO COM AS ESPECIFICAÇÕES E CARACTERÍSTICAS DESCRITAS NO TERMO DE REFERÊNCIA.";"PR-113/2014";"PREGÃO";"10/02/2015";"10/02/2019"
"28/2015";" 08.451.643/0001-63 - SERVICO AUTONOMO DE AGUA E ESGOTO";"R$         5.640,00";"SERVIÇOS DE FORNECIMENTO DE ÁGUA E/OU COLETA DE ESGOTOS, PARA ATENDER AS NECESSIDADES DO DEPARTAMENTO DE OCEANOGRAFIA E LIMINOLOGIA EM EXTREMOZ- CENTRO DE BIOCIÊNCIAS CB;";"IN-1/2015";"INEXIGIBILIDADE DE LICITAÇÃO";"01/04/2015";"01/04/2019"
"30/2015";" 01.592.035/0001-20 - SEC/NATAL DISTRIBUIDORA DE JORNAIS E PUBLICACOES LTDA";"R$        21.396,00";"FORNECIMENTO DE ASSINATURA E ENTREGA DE JORNAIS, REVISTAS E PERIÓDICOS PARA UFRN.";"PR-111/2014";"PREGÃO";"02/03/2015";"02/03/2019"
"35/2015";" 33.000.118/0001-79 - TELEMAR NORTE LESTE S/A";"R$       346.081,65";"SERVIÇO DE TELECOMUNICAÇÕES COM OUTORGA DA ANATEL PARA A REGIÃO I. ";"PR-8/2015";"PREGÃO";"06/05/2015";"06/05/2019"
"40/2015";" 40.432.544/0001-47 - CLARO S.A.";"R$     1.116.422,35";"SERVIÇO DE TELECOMUNICAÇÕES.";"PR-8/2015";"PREGÃO";"07/05/2015";"06/05/2019"
"42/2015";" 12.967.719/0001-85 - LEPIDUS TECNOLOGIA LTDA - ME";"R$        35.000,00";"MANUTENÇÃO DO PORTAL DE PERIÓDICOS ELETRÔNICOS DA UFRN, PARA ATENDER AS DEMANDAS DOS SETORES BCZM, EDUFRN, PROPESQ, PPG, PROEX E O DEPARTAMENTO DE CIÊNCIA DA INFORMAÇÃO (DECIN). SENDO A BCZM, POR MEIO DO SETOR DE REPOSITÓRIOS DIGITAIS, A RESPONSÁVEL TÉCNICA PELO ATENDIMENTO AOS EDITORES DA UFRN.";"PR-29/2015";"PREGÃO";"03/08/2015";"03/08/2019"
"59/2015";" 43.448.117/0001-45 - SEC FIGUEIREDO LTDA - EPP";"R$       109.500,00";"AGENCIAMENTO DE TRANSPORTE DE CARGA INTERNACIONAL PARA A IMPORTAÇÃO E EXPORTAÇÃO DE MATERIAIS E EQUIPAMENTOS, INCLUSIVE DOAÇÕES, PARA ATENDER A UFRN.";"PR-28/2015";"PREGÃO";"10/11/2015";"10/11/2018"
"60/2015";" 74.634.767/0001-09 - ANABIM ASSESSORIA NACIONAL EM GESTÃO PUBLICA E MEIO AMBIENTE LTDA - EPP";"R$     1.866.731,76";"REALIZAÇÃO DE EXAMES MÉDICOS LABORATORIAIS PARA ATENDER OS SERVIDORES DA UFRN E ALUNOS QUE FORAM SELECIONADOS NO CADASTRO ÚNICO COMO PRIORITÁRIOS, DOS DIVERSOS SETORES DESTA UNIVERSIDADE (NATAL, SANTA CRUZ, CURRAIS NOVOS, CAICÓ E MACAÍBA).";"PR-58/2015";"PREGÃO";"16/11/2015";"14/11/2018"
"7/2016";" 24.198.681/0001-02 - ARPLAN ENGENHARIA TÉRMICA LTDA";"R$       203.162,69";"SERVIÇOS DE MANUTENÇÃO PREVENTIVA E CORRETIVA, ABRANGENDO MÃO DE OBRA, EMPREGO DE FERRAMENTAS, GÁS REFRIGERANTE E MATERIAIS DE CONSUMO, PARA O SISTEMA DE CLIMATIZAÇÃO TIPO VRF (VARIABLE REFRIGERANT FLOW) INSTALADO NO PRÉDIO DO CENTRO INTEGRADO DE VOCAÇÃO TECNOLÓGICA (CIVT) DO INSTITUTO METRÓPOLE DIGITAL (IMD).";"PR-35/2015";"PREGÃO";"28/01/2016";"28/01/2019"
"16/2016";" 08.520.389/0001-08 - SERVICO AUTONOMO DE AGUA E ESGOTO";"R$        35.000,00";"FORNECIMENTO DE ÁGUA E/OU COLETA DE ESGOTOS, PARA ATENDER AS NECESSIDADES DA FACISA LOCALIZADA NO MUNICÍPIO DE SANTA CRUZ-RN.";"IN-2/2016";"INEXIGIBILIDADE DE LICITAÇÃO";"10/04/2016";"10/04/2019"
"18/2016";" 08.519.304/0001-71 - MFMB ELETROCEL GRUPOS GERADORES LTDA";"R$       127.200,00";"MANUTENÇÃO PREVENTIVA E CORRETIVA DE GRUPOS GERADORES, INCLUINDO O FORNECIMENTO DE PEÇAS E ACESSÓRIOS NECESSÁRIOS À EXECUÇÃO DESSES SERVIÇOS.";"PR-91/2015";"PREGÃO";"06/05/2016";"06/05/2019"
"19/2016";" 19.180.241/0001-98 - TALDI INCORPORACOES LTDA - ME";"R$        33.600,00";"LOCAÇÃO DE CAMINHÃO MUNCK DESTINADOS ÀS UNIDADES ACADÊMICAS E ADMINISTRATIVAS DA UFRN.";"PR-91/2015";"PREGÃO";"06/05/2016";"06/05/2019"
"20/2016";" 00.063.776/0064-04 - JOÃO LUIS MOUSINHO MONTE";"R$       394.339,82";"LOCAÇÃO DO IMÓVEL SITUADO À RUA XAVIER DA SILVEIRA, Nº 688, TIROL, NATAL/RN, IMÓVEL QUE IRÁ SERVIR PARA ABRIGAR AS ATIVIDADES A SEREM DESENVOLVIDAS PELO INSTITUTO DO CÉREBRO.";"DL-9/2016";"DISPENSA DE LICITAÇÃO";"29/04/2016";"29/04/2019"
"25/2016";" 08.334.385/0001-35 - COMPANHIA DE AGUAS E ESGOTOS DO RN/CAERN";"R$       450.000,00";"SERVIÇOS DE FORNECIMENTO DE ÁGUA E/OU COLETA DE ESGOTOS.";"IN-3/2016";"INEXIGIBILIDADE DE LICITAÇÃO";"28/04/2016";"28/04/2019"
"27/2016";" 16.858.290/0001-49 - SUPORTE - COMERCIO E SERVICOS EM ELEVADORES LTDA  - ME";"R$       111.384,58";"MANUTENÇÃO PREVENTIVA E CORRETIVA EM PLATAFORMAS ELEVATÓRIAS.";"PR-92/2015";"PREGÃO";"22/06/2016";"22/06/2019"
"28/2016";" 19.395.315/0001-03 - E B GALVAO - ME";"R$       106.830,00";"MANUTENÇÃO PREVENTIVA E CORRETIVA EM ELEVADORES.";"PR-92/2015";"PREGÃO";"22/06/2016";"22/06/2019"
"36/2016";" 03.159.145/0001-28 - S.S. EMPREENDIMENTOS E SERVICOS EIRELI";"R$    11.619.761,88";"SERVIÇOS CONTINUADOS DE LIMPEZA, HIGIENIZAÇÃO E CONSERVAÇÃO DOS AMBIENTES INTERNOS, EXTERNOS E LABORATÓRIOS NAS ÁREAS ACADÊMICAS E ADMINISTRATIVAS DA UFRN LOCALIZADAS NA GRANDE NATAL E INTERIOR DO ESTADO DO RN.";"PR-11/2016";"PREGÃO";"01/08/2016";"01/08/2019"
"46/2016";" 07.783.832/0001-70 - CRIART SERVIÇOS  DE TERCEIRIZAÇÃO DE MÃO DE OBRA LTDA";"R$     8.599.636,07";"LOCAÇÃO DE MÃO DE OBRA PARA ATENDER ATIVIDADES DE APOIO ADMINISTRATIVO, TÉCNICO E OPERACIONAL PARA ATENDIMENTO DAS ÁREAS ADMINISTRATIVAS E ACADÊMICAS DA UFRN: 1  CATEGORIAS FUNCIONAIS VOLTADAS À CONSTRUÇÃO CIVIL.";"PR-40/2016";"PREGÃO";"01/09/2016";"01/09/2019"
"49/2016";" 07.783.832/0001-70 - CRIART SERVIÇOS  DE TERCEIRIZAÇÃO DE MÃO DE OBRA LTDA";"R$    19.826.663,79";"LOCAÇÃO DE MÃO DE OBRA PARA ATENDER ATIVIDADES DE APOIO ADMINISTRATIVO, TÉCNICO E OPERACIONAL PARA ATENDIMENTO DAS ÁREAS ADMINISTRATIVAS E ACADÊMICAS DA UFRN: 2  CATEGORIAS DIVERSAS.";"PR-40/2016";"PREGÃO";"01/09/2016";"01/09/2019"
"52/2016";" 04.999.366/0001-77 - AM SERVIÇOS E LOCAÇÕES DE EQUIPAMENTOS DE INFORMÁTICA LTDA";"R$       117.600,00";"CONTRATAÇÃO DO SERVIÇO DE LOCAÇÃO DE MÁQUINAS COPIADORAS/IMPRESSORAS NOVAS, DEVIDAMENTE INSTALADAS, COM FORNECIMENTO DE TODAS AS PEÇAS, PARTES, COMPONENTES CORRETIVOS E INSUMOS/MATERIAIS DE CONSUMO, EXCETO PAPEL, A EXEMPLO DE CILINDRO, TONNER, REVELADOR, GRAMPOS, SERVIÇO DE MANUTENÇÃO PREVENTIVA E CORRETIVA, ENFIM TODA A ASSISTÊNCIA TÉCNICA NECESSÁRIA AO PERFEITO CUMPRIMENTO DESTE OBJETO, INCLUINDO-SE SOFTWARE DE GERENCIAMENTO, PARA ATENDER AS NECESSIDADES DA UFRN.";"PR-5/2016";"PREGÃO";"26/09/2016";"26/09/2018"
"56/2016";" 05.617.497/0001-05 - DIRECTCOM INFORMÁTICA LTDA - ME";"R$     1.301.465,00";"INSTALAÇÃO DE PROJETOR MULTIMÍDIA NAS DEPENDÊNCIAS DOS CÂMPUS DA UFRN LOCALIZADOS NA CAPITAL E MUNICÍPIOS DO RN E NA PRESTAÇÃO DE SERVIÇOS DE MANUTENÇÃO PREVENTIVA E CORRETIVA.";"PR-61/2016";"PREGÃO";"04/10/2016";"03/10/2018"
"59/2016";" 08.428.765/0001-39 - LIGA NORTE RIOGRANDENSE CONTRA O CÂNCER";"R$       490.800,00";"LOCAÇÃO DO IMÓVEL SITUADO NA AVENIDA DR. CARLINDO DE SOUZA DANTAS, Nº 540, CAICÓ-RN, PARA AÇÕES DE IMPLANTAÇÃO DO CURSO DE MEDICINA NO INTERIOR.

";"DL-88/2016";"DISPENSA DE LICITAÇÃO";"19/10/2016";"19/10/2018"
"62/2016";" 70.307.442/0001-60 - GESUALDO BIANA - ME";"R$       118.230,00";"CONTRATAÇÃO DE EMPRESA ESPECIALIZADA NA PRESTAÇÃO DE SERVIÇOS DE MANUTENÇÃO PREVENTIVA E CORRETIVA, DE CALIBRAÇÃO E DE QUALIFICAÇÃO, COM FORNECIMENTO DE PEÇAS, QUANDO NECESSÁRIO, EM EQUIPAMENTOS LABORATORIAIS INSTALADOS NO NÚCLEO EM PESQUISA EM ALIMENTOS E MEDICAMENTOS  NUPLAM, DA UNIVERSIDADE FEDERAL DO RIO GRANDE DO NORTE, PELO PERÍODO DE 12 (DOZE) MESES";"PR-54/2016";"PREGÃO";"07/12/2016";"07/12/2018"
"63/2016";" 04.999.366/0001-77 - AM SERVIÇOS E LOCAÇÕES DE EQUIPAMENTOS DE INFORMÁTICA LTDA";"R$       191.100,00";"CONTRATAÇÃO DO SERVIÇO DE IMPRESSÃO DE CÓPIAS COM DISPONIBILIZAÇÃO DE MÁQUINAS IMPRESSORAS NOVAS, DEVIDAMENTE INSTALADAS, COM FORNECIMENTO DE TODAS AS PEÇAS, PARTES, COMPONENTES CORRETIVOS E INSUMOS/MATERIAIS DE CONSUMO, EXCETO PAPEL, A EXEMPLO DE CILINDRO, TONNER, REVELADOR, GRAMPOS, SERVIÇO DE MANUTENÇÃO PREVENTIVA E CORRETIVA, ENFIM TODA A ASSISTÊNCIA TÉCNICA NECESSÁRIA AO PERFEITO CUMPRIMENTO DESTE OBJETO, INCLUINDO-SE SOFTWARE DE GERENCIAMENTO, PARA ATENDER AS NECESSIDADES DA UFRN";"PR-5/2016";"PREGÃO";"05/12/2016";"05/12/2018"
"64/2016";" 54.222.401/0001-15 - ELEVADORES VILLARTA LTDA";"R$     2.199.491,44";"CONTRATAÇÃO DE EMPRESA ESPECIALIZADA PARA O FORNECIMENTO E INSTALAÇÃO DE TRANSPORTE VERTICAL, MANUTENÇÃO PREVENTIVA E CORRETIVA DOS EQUIPAMENTOS, PARA DIVERSOS SETORES DA UFRN, POR UM PERÍODO DE 12 (DOZE) MESES.";"PR-57/2016";"PREGÃO";"21/12/2016";"21/12/2018"
"68/2016";" 04.999.366/0001-77 - AM SERVIÇOS E LOCAÇÕES DE EQUIPAMENTOS DE INFORMÁTICA LTDA";"R$       156.000,00";"CONTRATAÇÃO DO SERVIÇO DE IMPRESSÃO COM DISPONIBILIZAÇÃO DE MÁQUINAS IMPRESSORAS NOVAS, DEVIDAMENTE INSTALADAS, COM FORNECIMENTO DE TODAS AS PEÇAS, PARTES, COMPONENTES CORRETIVOS E INSUMOS/MATERIAIS DE CONSUMO, EXCETO PAPEL, A EXEMPLO DE CILINDRO, TONNER, REVELADOR, GRAMPOS, SERVIÇO DE MANUTENÇÃO PREVENTIVA E CORRETIVA, ENFIM TODA A ASSISTÊNCIA TÉCNICA NECESSÁRIA AO PERFEITO CUMPRIMENTO DESTE OBJETO, INCLUINDO-SE SOFTWARE DE GERENCIAMENTO, PARA ATENDER AS NECESSIDADES DA UFRN (ITEM 02 DO PREGÃO).";"PR-5/2016";"PREGÃO";"16/12/2016";"16/12/2018"
"4/2017";" 00.081.289/1974-15 - GIGLIANA MENDONÇA DA SILVA";"R$       194.355,36";"LOCAÇÃO DO IMÓVEL SITUADO NA RUA ODILON GOMES DE LIMA, N.º 1722, CIDADE JARDIM, NATAL/RN, COM AS SEGUINTES CARACTERÍSTICAS, 1º ANDAR DE PRÉDIO RESIDENCIAL, COM ACESSO PELA LATERAL DIREITA, CONSTRUÍDO EM ALVENARIA, COBERTO COM LAJE EM CONCRETO E TELHAS BRASILITE, PISO CERÂMICO, PORTAS EM MADEIRA E JANELÔES  EM FERRO E VIDRO(TIPO) BASCULANTE COM 03 QUARTOS SENDO 01 SUÍTE, COZINHA, E BANHEIRO SOCIAL ONDE A MESMA SERÁ DESTINADO ÀS INSTALAÇÕES DO INSTITUTO METRÓPOLE DIGITAL-IMD, E INSTITUTO DO CÉREBRO. 

";"DL-23/2016";"DISPENSA DE LICITAÇÃO";"02/01/2017";"02/01/2019"
"6/2017";" 06.346.446/0001-59 - SITECNET INFORMATICA LTDA";"R$       693.000,00";"PRESTAÇÃO DE SERVIÇOS DE LINK DE COMUNICAÇÃO DE DADOS (REDE WAN), COM GERENCIAMENTO PRÓ-ATIVO E CAPACIDADE PARA PROVER TRÁFEGO DE DADOS, VOZ E IMAGEM, ATENDENDO AS DEMANDAS DA UNIVERSIDADE FEDERAL DO RIO GRANDE DO NORTE, NOS MUNICÍPIOS DE MACAÍBA, SANTA CRUZ, CURRAIS NOVA, CAICÓ, NOVA CRUZ E MACAU, NO PERÍODO DE 12 (DOZE) MESES.";"PR-9/2016";"PREGÃO";"02/02/2017";"02/02/2019"
"7/2017";" 09.234.399/0001-40 - CRIL EMPREENDIMENTOS AMBIENTAL LTDA - EPP";"R$       329.220,00";"1.1. CONTRATAÇÃO DE EMPRESA ESPECIALIZADA EM COLETA, TRANSPORTE, TRATAMENTO E DESTINAÇÃO FINAL DE RESÍDUOS DE SAÚDE, PARA ATENDER DEMANDAS DA UFRN NO PERÍODO DE 12 (DOZE) MESES.";"PR-66/2016";"PREGÃO";"01/03/2017";"01/03/2019"
"8/2017";" 09.376.468/0001-50 - CST CONSTRUCOES E SERVICOS TECNICOS LTDA";"R$       327.275,69";"O PRESENTE CONTRATO TEM COMO OBJETO A EXECUÇÃO, PELA CONTRATADA, SOB O REGIME DE EMPREITADA POR PREÇO UNITÁRIO, DA REESTRUTURAÇÃO DAS INSTALAÇÕES ELÉTRICAS DA EDITORA UNIVERSITÁRIA DA UFRN.";"RDC-3/2016";"REGIME DIF. DE CONTRATAÇÃO";"01/03/2017";"22/12/2018"
"11/2017";" 04.196.645/0001-00 - IMPRENSA NACIONAL";"R$       600.000,00";"PRESTAÇÃO DE SERVIÇOS, PELA CONTRATADA, DE PUBLICAÇÃO NO DIÁRIO OFICIAL DA UNIÃO, DE ATOS OFICIAIS E DEMAIS MATÉRIAS DE INTERESSE DO CONTRATANTE, CONFORME ESTABELECIDO NO DECRETO Nº 4.520, DE 16/12/2002, COMBINADO COM A PORTARIA Nº 268, DE 5/10/2009.";"IN-6/2016";"INEXIGIBILIDADE DE LICITAÇÃO";"01/03/2017";"01/03/2019"
"12/2017";" 20.283.607/0001-33 - R. DOIS LIMPA FOSSA E LOCA  ES EIRELI -  - ME";"R$        38.050,00";"0 PRESENTE CONTRATO TEM COMO OBJETO A  PRESTAÇÃO DE SERVIÇO DE LIMPEZA EM TANQUES DE CLORAÇÃO E ESGOTOS TRATADOS (ETE) E LIMPEZA DAS FOSSAS DA UFRN";"PR-12/2017";"PREGÃO";"27/03/2017";"27/03/2019"
"13/2017";" 01.778.387/0001-74 - A K P DE LIMA - EPP";"R$        58.560,00";"Contratação de uma empresa especializada na prestação de serviços de manutenção preventiva e corretiva, para o sistema de climatização, ventilação e exaustão de ar dos laboratórios de anatomia humana e animal, do departamento de morfologia do centro de biociências da Universidade Federal do Rio Grande do Norte (UFRN).";"PR-87/2016";"PREGÃO";"06/04/2017";"06/04/2019"
"14/2017";" 13.119.632/0001-10 - MAXIMUS GESTAO DE MANUTENCAO INDUSTRIAL LTDA - ME";"R$        31.335,00";"1.1.  CONTRATAÇÃO DE EMPRESA PARA MANUTENÇÃO EM MÁQUINAS E EQUIPAMENTOS DE CONSTRUÇÃO CIVIL PARA ATENDER A UFRN, PELO PERÍODO DE 12 (DOZE) MESES.";"PR-20/2017";"PREGÃO";"20/04/2017";"20/04/2019"
"17/2017";" 13.411.847/0001-00 - JOSÉ CÉLIO FERREIRA 13095692404";"R$        76.833,36";"CONTRATAÇÃO DE EMPRESA PARA AFINAÇÃO E REPAROS DE PIANOS DE CAUDAS E VERTICAIS DA ESCOLA DE MÚSICA DA UFRN, PELO PERÍODO DE 12 (DOZE) MESES";"PR-29/2017";"PREGÃO";"02/05/2017";"02/05/2019"
"32/2017";" 40.432.544/0001-47 - CLARO S.A.";"R$       922.604,00";"CONTRATAÇÃO DE EMPRESA AUTORIZADA PELA ANATEL E ESPECIALIZADA EM PRESTAÇÃO DE SERVIÇO DE TELEFONIA MÓVEL DIGITAL (SMP) COM COBERTURA ROAMING NACIONAL E INTERNACIONAL, QUE SERÃO PRESTADOS NAS CONDIÇÕES ESTABELECIDAS NO TERMO DE REFERÊNCIA, ANEXO DO EDITAL.";"PR-11/2016";"PREGÃO";"12/06/2017";"12/06/2019"
"38/2017";" 00.003.573/4434-00 - EIDER ARAUJO DE CARVALHO";"R$        34.800,00";"LOCAÇÃO DO IMÓVEL SITUADO NA RUA ANTONIO BARROS CAVALCANTI, 2873 CIDADE JARDIM, NATAL_RN, COM AS SEGUINTES CARACTERÍSTICAS, ÁREA/GARAGEM PARA 03 VEICULOS, 02 SALAS AMPLAS, 03 QUARTOS, SENDO 01 SUÍTE, BANHEIRO SOCIAL, 01 AMPLA COZINHA COM REVESTIMENTO DE CERÂMICA, ONDE SERÁ INSTALADO O ACERVO E EQUIPAMENTOS DO MEMORIAL DO PNLD, DO CENTRO DE CIÊNCIAS HUMANAS, LETRAS E ARTES CCHLA.";"DL-157/2016";"DISPENSA DE LICITAÇÃO";"20/06/2017";"20/06/2019"
"39/2017";" 21.949.552/0001-10 - W DA S MOREIRA ENGENHARIA EIRELI-EPP";"R$       287.529,84";"REFORMA PARA ADAPTAÇÃO DE BANHEIROS PARA PORTADORES DE NECESSIDADES ESPECIAIS NO GINÁSIO POLIESPORTIVO I NO CÂMPUS CENTRAL DA UFRN";"RDC-5/2016";"REGIME DIF. DE CONTRATAÇÃO";"03/07/2017";"25/11/2018"
"42/2017";" 01.488.023/0001-50 - LUNC-TRANSPORTE DE ENTULHOS E LIXO LTDA - ME";"R$        35.000,00";"CONTRATAÇÃO DE EMPRESA PARA LOCAÇÃO E TRANSPORTE DE CAÇAMBAS ESTACIONÁRIAS E DESTINAÇÃO (RECEBIMENTO) DE RESÍDUOS SÓLIDOS DA CONSTRUÇÃO CIVIL (ENTULHO), GERADOS NOS PRÉDIOS E SETORES DA UFRN, LOCALIZADOS NA CIDADE DE NATAL-RN, PELO PERÍODO DE 12 (DOZE) MESES.";"PR-53/2017";"PREGÃO";"14/07/2017";"14/07/2019"
"43/2017";" 02.863.360/0001-42 - COSTA & FILHOS RECICLAGEM & GERENCIAMENTO DE RESIDUOS LTDA - ME";"R$        82.600,00";"CONTRATAÇÃO DE EMPRESA PARA LOCAÇÃO E TRANSPORTE DE CAÇAMBAS ESTACIONÁRIAS E DESTINAÇÃO (RECEBIMENTO) DE RESÍDUOS SÓLIDOS DA CONSTRUÇÃO CIVIL (ENTULHO), GERADOS NOS PRÉDIOS E SETORES DA UFRN, LOCALIZADOS NA CIDADE DE NATAL-RN, PELO PERÍODO DE 12 (DOZE) MESES";"PR-53/2017";"PREGÃO";"14/07/2017";"14/07/2019"
"48/2017";" 40.997.140/0001-09 - EJF EMPREENDIMENTOS E SERVIÇOS LTDA";"R$        89.092,10";"CONTRATAÇÃO DE EMPRESA ESPECIALIZADA NA PRESTAÇÃO DE SERVIÇOS DE MANUTENÇÃO PREVENTIVA E CORRETIVA, SOB DEMANDA, EM CÂMARAS FRIGORÍFICAS PARA ATENDER AS DEMANDAS DO RESTAURANTE UNIVERSITÁRIO DA UFRN";"PR-50/2017";"PREGÃO";"01/11/2017";"01/11/2018"
"50/2017";" 54.484.753/0001-49 - MAPFRE VIDA S/A";"R$        26.640,00";"SERVIÇOS DE SEGURO DE VIDA E ACIDENTES PESSOAIS PARA ESTUDANTES REGULARMENTE MATRICULADOS EM CURSOS TÉCNICOS, DE GRADUAÇÃO E PÓS-GRADUAÇÃO (ESPECIALIZAÇÃO, APERFEIÇOAMENTO, MESTRADO, DOUTORADO E RESIDÊNCIA MÉDICA), BOLSISTAS E ESTAGIÁRIOS DA UNIVERSIDADE FEDERAL DO RIO GRANDE DO NORTE NO PERÍODO DE 12 (DOZE) MESES.";"PR-92/2016";"PREGÃO";"03/04/2017";"03/04/2019"
"52/2017";" 10.543.201/0001-99 - KLINIC ASSISTENCIA TECNICA MEDICA LTDA";"R$        51.840,00";"CONTRATAÇÃO DE EMPRESA ESPECIALIZADA NA PRESTAÇÃO DE SERVIÇOS REFERENTES A MANUTENÇÕES CORRETIVAS, INCLUINDO SUBSTITUIÇÃO DE PEÇAS, QUANDO NECESSÁRIO, EM EQUIPAMENTOS MÉDICOS E ODONTOLÓGICOS PARA ATENDER DEMANDAS DA UFRN NO PERÍODO DE 12 MESES.";"PR-65/2016";"PREGÃO";"01/11/2017";"01/11/2018"
"54/2017";" 09.376.468/0001-50 - CST CONSTRUCOES E SERVICOS TECNICOS LTDA";"R$     1.663.391,98";"CONSTRUÇÃO DE LABORATÓRIOS PARA A PÓS-GRADUAÇÃO DO CENTRO DE BIOCIÊNCIAS, DE ACORDO COM O PROJETO BÁSICO E DEMAIS ANEXOS DO RDC ELETRÔNICO Nº 003/2017-DMP.";"RDC-3/2017";"REGIME DIF. DE CONTRATAÇÃO";"01/09/2017";"24/01/2019"
"56/2017";" 20.971.632/0001-00 - SERVEMAIS CONSTRUCOES, TREINAMENTOS E TERCEIRIZACOES EIRELI - EPP";"R$       891.498,78";"REFORMA DAS CANTINAS DOS SETORES DE AULAS I, II E III-IV DO CAMPUS CENTRAL DA UFRN, DE ACORDO COM O PROJETO BÁSICO E DEMAIS ANEXOS DO RDC ELETRÔNICO Nº 023/2016-DMP.";"RDC-23/2016";"REGIME DIF. DE CONTRATAÇÃO";"08/09/2017";"02/11/2018"
"57/2017";" 09.376.468/0001-50 - CST CONSTRUCOES E SERVICOS TECNICOS LTDA";"R$     4.428.051,34";"CONSTRUÇÃO DO NÚCLEO INTEGRADO DE PESQUISA, PÓS-GRADUAÇÃO E INOVAÇÃO TECNOLÓGICA - NIPPIT , DE ACORDO COM O PROJETO BÁSICO E DEMAIS ANEXOS DO RDC ELETRÔNICO Nº 016/2017-DMP";"RDC-16/2017";"REGIME DIF. DE CONTRATAÇÃO";"08/09/2017";"31/01/2019"
"58/2017";" 04.751.986/0001-92 - F DOIS ENGENHARIA LTDA";"R$       933.708,21";"CONSTRUÇÃO DO LABORATÓRIO DE ANÁLISE DE PRODUÇÃO DE ENERGIA EÓLICA - LAPEE - RECURSOS UFRN, DE ACORDO COM O PROJETO BÁSICO E DEMAIS ANEXOS DO RDC ELETRÔNICO Nº 017/2016-DMP, A SER EXECUTADO NO SEGUINTE LOCAL: CAMPUS DA ESCOLA AGRÍCOLA DE JUNDIAÍ  EAJ/UFRN NO MUNICÍPIO DE MACAÍBA/RN

";"RDC-17/2016";"REGIME DIF. DE CONTRATAÇÃO";"08/09/2017";"01/01/2019"
"59/2017";" 04.751.986/0001-92 - F DOIS ENGENHARIA LTDA";"R$     1.643.000,00";"A EXECUÇÃO, PELA CONTRATADA, SOB O REGIME DE EMPREITADA POR PREÇO UNITÁRIO, DA CONSTRUÇÃO DO AUDITÓRIO DAS NOVAS ENGENHARIAS  CT/UFRN, DE ACORDO COM O PROJETO BÁSICO E DEMAIS ANEXOS DO RDC ELETRÔNICO Nº 011/2017-DMP.";"RDC-11/2017";"REGIME DIF. DE CONTRATAÇÃO";"27/09/2017";"20/01/2019"
"62/2017";" 04.751.986/0001-92 - F DOIS ENGENHARIA LTDA";"R$       973.698,35";"EMPREITADA POR PREÇO UNITÁRIO, DA COMPLEMENTAÇÃO DO RESERVATÓRIO E DA REDE HIDRÁULICA DA ESCOLA AGRÍCOLA DE JUNDIAÍ - EAJ/UFRN.";"RDC-13/2017";"REGIME DIF. DE CONTRATAÇÃO";"10/10/2017";"04/12/2018"
"63/2017";" 05.052.764/0001-44 - CONSTRUTORA GURGEL SOARES LTDA";"R$     1.462.647,06";"SERVIÇOS DE PAVIMENTAÇÃO DE VIAS DE CIRCULAÇÃO, ESTACIONAMENTO E PASSEIOS E DE SINALIZAÇÃO TÁTIL HORIZONTAL, COM FORNECIMENTO DE MATERIAL PARA ATENDER DEMANDAS DA UFRN NO PERÍODO DE 12 (DOZE) MESES";"PR-67/2016";"PREGÃO";"25/10/2017";"25/10/2018"
"64/2017";" 09.376.468/0001-50 - CST CONSTRUCOES E SERVICOS TECNICOS LTDA";"R$       503.093,37";"CONSTRUÇÃO DO LABORATÓRIO DE PLASTINAÇÃO DO CENTRO DE BIOCIÊNCIAS E REFORMA DOS LABORATÓRIOS DE ANATOMIA ANIMAL E MORFOLOGIA EXPERIMENTAL DA UFRN, DE ACORDO COM O PROJETO BÁSICO E DEMAIS ANEXOS DO RDC ELETRÔNICO Nº 012/2017-DMP.";"RDC-12/2017";"REGIME DIF. DE CONTRATAÇÃO";"25/10/2017";"17/02/2019"
"65/2017";" 61.797.924/0002-36 - HEWLETT-PACKARD BRASIL LTDA.";"R$     2.179.713,59";"CONTRATAÇÃO DE EMPRESA ESPECIALIZADA EM SERVIÇO DE SUPORTE DE HARDWARES E SOFTWARES PARA ATENDER A DEMANDA DA UFRN, PELO PERÍODO DE 12 (DOZE) MESES";"PR-75/2017";"PREGÃO";"25/10/2017";"25/10/2020"
"66/2017";" 09.376.468/0001-50 - CST CONSTRUCOES E SERVICOS TECNICOS LTDA";"R$     1.588.000,00";"EMPREITADA POR PREÇO UNITÁRIO, DA CONSTRUÇÃO DO REFEITÓRIO DA ÁREA 03 DO CAMPUS CENTRAL  NATAL/RN, DE ACORDO COM O PROJETO BÁSICO E DEMAIS ANEXOS DO RDC ELETRÔNICO Nº 010/2017-DMP.";"RDC-10/2017";"REGIME DIF. DE CONTRATAÇÃO";"25/10/2017";"19/11/2018"
"67/2017";" 40.869.463/0001-09 - ESSE ENGENHARIA SINALIZACAO E SERVICOS ESPECIAIS LTDA";"R$     3.857.900,00";"CONTRATAÇÃO DE EMPRESA ESPECIALIZADA EM SERVIÇO DE PAVIMENTAÇÃO ASFÁLTICA, RECUPERAÇÃO DE PAVIMENTO E SINALIZAÇÃO HORIZONTAL EM VIA DE CIRCULAÇÃO NO CAMPUS CENTRAL, PARA ATENDER DEMANDAS DA UFRN NO PERÍODO DE 12 (DOZE) MESES";"PR-11/2017";"PREGÃO";"01/11/2017";"01/11/2018"
"68/2017";" 20.757.012/0001-72 - NORMA ENGENHARIA SERVICOS ELETRICOS LTDA - ME / NORMA ENGENHARIA";"R$       164.900,00";"ELABORAÇÃO DE PROJETO EXECUTIVO PARA A CONSTRUÇÃO DO EDIFÍCIO ANEXO AO CENTRO INTEGRADO DE VOCAÇÃO TECNOLÓGICA DO INSTITUTO METRÓPOLE DIGITAL COMPOSTO DO CÁLCULO DAS ESTRUTURAS METÁLICAS E EM CONCRETO ARMADO, INCLUINDO FUNDAÇÕES, INSTALAÇÕES ELÉTRICAS, SISTEMA FOTOVOLTÁICO DE GERAÇÃO DE ENERGIA, INSTALAÇÕES HIDRÁULICAS E SANITÁRIAS INCLUINDO O APROVEITAMENTO DE ÁGUAS PLUVIAIS E REUSO DO EFLUENTE TRATADO DA ETE/UFRN, INSTALAÇÕES DE PREVENÇÃO E COMBATE A INCÊNDIO E AO PÂNICO, INSTALAÇÕES MECÂNICAS, INCLUINDO CLIMATIZAÇÃO, EXAUSTÃO E TRANSPORTE VERTICAL (ELEVADORES), DE ACORDO COM O PROJETO BÁSICO E DEMAIS ANEXOS DO RDC ELETRÔNICO Nº 0022/2017-DMP.";"RDC-22/2017";"REGIME DIF. DE CONTRATAÇÃO";"22/11/2017";"01/01/2019"
"69/2017";" 09.376.468/0001-50 - CST CONSTRUCOES E SERVICOS TECNICOS LTDA";"R$     1.002.670,12";"REFORMA E AMPLIAÇÃO DO DCA (LECA)  DEPARTAMENTO DE ENGENHARIA DE COMPUTAÇÃO E AUTOMAÇÃO";"RDC-6/2017";"REGIME DIF. DE CONTRATAÇÃO";"27/11/2017";"19/02/2019"
"70/2017";" 09.389.289/0001-57 - AC ENGENHARIA LTDA - EPP";"R$     1.603.341,34";"EMPREITADA POR PREÇO UNITÁRIO, PARA A EXECUÇÃO DA CONSTRUÇÃO DO EDIFÍCIO PARA PÓS-GRADUAÇÃO, PESQUISA E EXTENSÃO DO DEPARTAMENTO ARQUITETURA E URBANISMO  CT/UFRN - RECURSOS UFRN, DE ACORDO COM O PROJETO BÁSICO E DEMAIS ANEXOS DO RDC ELETRÔNICO Nº 001/2017-DMP, A SER EXECUTADO NO SEGUINTE LOCAL: CAMPUS CENTRAL DA UFRN, AV. SENADOR SALGADO FILHO, 3000  NATAL/RN.";"RDC-1/2017";"REGIME DIF. DE CONTRATAÇÃO";"20/12/2017";"14/03/2019"
"72/2017";" 14.743.604/0001-32 - HABITE-SE PROJETOS E EXECUÇÕES LTDA ME";"R$       519.417,89";"ADEQUAÇÃO DA REDE DE COMBATE A DO BLOCO 6 DO NÚCLEO DE PESQUISAS EM ALIMENTOS E MEDICAMENTOS (NUPLAM)), DE ACORDO COM O PROJETO BÁSICO E DEMAIS ANEXOS DO RDC ELETRÔNICO Nº 018/2017-DMP.";"RDC-18/2017";"REGIME DIF. DE CONTRATAÇÃO";"20/12/2017";"15/01/2019"
"74/2017";" 09.389.289/0001-57 - AC ENGENHARIA LTDA - EPP";"R$       819.269,00";"REFORMA E AMPLIAÇÃO DO ALMOXARIFADO DE MANUTENÇÃO DE OBRAS DA UFRN NO CÂMPUS CENTRAL.";"RDC-23/2017";"REGIME DIF. DE CONTRATAÇÃO";"20/12/2017";"16/10/2018"
"76/2017";" 08.117.778/0001-97 - MARBELLA RESIDENCE INCORPORADORA E CONSTRUTORA LTDA";"R$       963.800,00";"AMPLIAÇÃO DO ANEXO DA BIBLIOTECA CENTRAL ZILA MAMEDE PARA INSTALAÇÃO DO NÚCLEO DE ARTES E CULTURA DA UFRN NO CÂMPUS CENTRAL EM NATAL/RN";"RDC-27/2017";"REGIME DIF. DE CONTRATAÇÃO";"20/12/2017";"15/12/2018"
"80/2017";" 34.028.316/0025-80 - EMPRESA BRASILEIRA DE CORREIOS E TELÉGRAFOS - ECT DR DO RIO GRANDE DO NORTE";"R$       400.000,00";"PRESTAÇÃO, PELA ECT, DE SERVIÇOS E VENDA DE PRODUTOS, QUE ATENDAM ÀS NECESSIDADES DA CONTRATANTE, MEDIANTE ADESÃO AO(S) ANEXO(S) DESTE INSTRUMENTO CONTRATUAL QUE, INDIVIDUALMENTE, CARACTERIZA(M) CADA MODALIDADE ENVOLVIDA.
RC44105/MALOTE
RC10073/CARTA COMERCIAL
RC12017/CARTA/CARTÃO RESPOSTA
RC60070/SEGMENTO TELEMÁTICOS
RC85001 A 85004-AQUISIÇÃO DE PRODUTOS
RC34100/CAIXA POSTAL
IMPRESSO
";"IN-8/2017";"INEXIGIBILIDADE DE LICITAÇÃO";"20/12/2017";"20/12/2018"
"1/2018";" 16.667.638/0001-10 - L & L ENGENHARIA LTDA";"R$     1.938.459,92";"CONSTRUÇÃO DO LABORATÓRIO INTEGRADO DE SISTEMAS COMPLEXOS DO CENTRO DE CIÊNCIAS EXATAS E DA TERRA DA UFRN - RECURSOS UFRN, DE ACORDO COM O PROJETO BÁSICO E DEMAIS ANEXOS DO RDC ELETRÔNICO Nº 021/2017-DMP";"RDC-21/2017";"REGIME DIF. DE CONTRATAÇÃO";"08/01/2018";"02/04/2019"
"2/2018";" 21.084.632/0001-50 - PLANES ENEGENHARIA E CONSTRUÇÃO LTDA EPP";"R$     2.500.000,00";"CONSTRUÇÃO DE UM BLOCO DE SALAS DE AULAS NA ESCOLA AGRÍCOLA DE JUNDIAÍ - EAJ";"RDC-5/2017";"REGIME DIF. DE CONTRATAÇÃO";"08/01/2018";"04/12/2018"
"3/2018";" 20.297.980/0001-43 - ECOATIVA GESTAO DE RESIDUOS LTDA - ME";"R$        42.262,00";"1.1. CONTRATAÇÃO DE EMPRESA ESPECIALIZADA EM REMOÇÃO, TRANSPORTE, TRATAMENTO E DESTINAÇÃO FINAL DE RESÍDUOS QUÍMICOS, CONTEMPLANDO O FORNECIMENTO DE RECIPIENTES, PARA ATENDER DEMANDAS DA UFRN PELO PERÍODO DE 12(DOZE) MESES.";"PR-85/2016";"PREGÃO";"22/01/2018";"22/01/2019"
"4/2018";" 42.168.781/0001-78 - SANIPLAN ENGENHARIA E SERVIÇOS AMBIENTAIS LTDA";"R$       476.850,00";"CONTRATAÇÃO DE EMPRESA ESPECIALIZADA EM REMOÇÃO, TRANSPORTE, TRATAMENTO E DESTINAÇÃO FINAL DE RESÍDUOS QUÍMICOS, CONTEMPLANDO O FORNECIMENTO DE RECIPIENTES, PARA ATENDER DEMANDAS DA UFRN PELO PERÍODO DE 12(DOZE) MESES.";"PR-85/2016";"PREGÃO";"15/01/2018";"15/01/2019"
"5/2018";" 15.070.879/0001-15 - CONSTRUTORA RBR LTDA";"R$       283.063,47";"COMPLEMENTAÇÃO DA CONSTRUÇÃO DA UNIDADE DE TRATAMENTO DE RESÍDUOS QUÍMICOS E CENTRAL DE REAGENTES NO CAMPUS CENTRAL DA UFRN - RECURSOS UFRN, DE ACORDO COM O PROJETO BÁSICO E DEMAIS ANEXOS DO RDC ELETRÔNICO Nº 019/2017-DMP, A SER EXECUTADO NO SEGUINTE LOCAL: PRÉDIO DESTINADO A CONSTRUÇÃO DA UNIDADE DE TRATAMENTO DE RESÍDUOS QUÍMICOS E CENTRAL DE REAGENTES, NO CAMPUS CENTRAL DA UFRN, AV. SENADOR SALGADO FILHO, 3000  NATAL/RN..";"RDC-19/2017";"REGIME DIF. DE CONTRATAÇÃO";"08/01/2018";"04/02/2019"
"8/2018";" 07.387.503/0001-00 - INTERJATO SERVICOS DE TELECOMUNICACOES LTDA";"R$        91.178,00";"CONTRATAÇÃO DE EMPRESA ESPECIALIZADA NA PRESTAÇÃO DE SERVIÇO DE ACESSO À INTERNET (LINK DEDICADO SIMÉTRICO), COM TAXA DE TRANSFERÊNCIA SIMÉTRICA DE 100MBPS E DISPONIBILIDADE DE AMPLIAÇÃO SOB DEMANDA 1GBPS PELO PERÍODO DE 48 HORAS MENSAIS E CAPACIDADE PARA PROVER TRÁFEGO DE DADOS, VOZ E IMAGEM, ATENDENDO AS DEMANDAS DA UFRN PELO PERÍODO DE 12 (DOZE) MESES";"PR-76/2017";"PREGÃO";"01/03/2018";"01/03/2019"
"10/2018";" 10.696.037/0001-50 - MC VIDEOFOTICA EIRELI - EPP";"R$       122.386,00";"SERVIÇOS DE CONFECÇÃO E INSTALAÇÃO DE PLACAS DE INAUGURAÇÃO PARA ATENDER DEMANDAS DA UFRN NO PERÍODO DE 12 (DOZE) MESES, CONFORME ESPECIFICADO DE FORMA DETALHADA NO TERMO DE REFERÊNCIA E NO RELATÓRIO DE ITENS DO OBJETO LICITADOS, ANEXOS DO EDITAL DO PRESENTE PREGÃO.";"PR-10/2017";"PREGÃO";"01/02/2018";"01/02/2019"
"11/2018";" 07.387.503/0001-00 - INTERJATO SERVICOS DE TELECOMUNICACOES LTDA";"R$        91.178,00";"CONTRATAÇÃO DE EMPRESA ESPECIALIZADA NA PRESTAÇÃO DE SERVIÇO DE ACESSO À INTERNET (LINK DEDICADO SIMÉTRICO), COM TAXA DE TRANSFERÊNCIA SIMÉTRICA DE 100MBPS E DISPONIBILIDADE DE AMPLIAÇÃO SOB DEMANDA 1GBPS PELO PERÍODO DE 48 HORAS MENSAIS E CAPACIDADE PARA PROVER TRÁFEGO DE DADOS, VOZ E IMAGEM, ATENDENDO AS DEMANDAS DA UFRN PELO PERÍODO DE 12 (DOZE) MESES";"PR-76/2017";"PREGÃO";"01/03/2018";"01/03/2019"
"12/2018";" 34.028.316/0025-80 - EMPRESA BRASILEIRA DE CORREIOS E TELÉGRAFOS - ECT DR DO RIO GRANDE DO NORTE";"R$       400.000,00";"SERVIÇOS E VENDA DE PRODUTOS, QUE ATENDAM ÀS NECESSIDADES DA CONTRATANTE, SERVIÇOS NACIONAIS PAC E SEDEX, E ENCOMENDAS INTERNACIONAIS.";"DL-3/2018";"DISPENSA DE LICITAÇÃO";"02/04/2018";"02/04/2019"
"12/2018";" 61.797.924/0002-36 - HEWLETT-PACKARD BRASIL LTDA.";"R$     2.179.713,59";"CONTRATAÇÃO DE EMPRESA ESPECIALIZADA EM SERVIÇO DE SUPORTE DE HARDWARES E SOFTWARES PARA ATENDER A DEMANDA DA UFRN, PELO PERÍODO DE 12 (DOZE) MESES";"PR-75/2017";"PREGÃO";"25/10/2017";"25/10/2020"
"13/2018";" 04.827.603/0001-12 - SAMTAL LTDA";"R$         2.949,80";"SERVIÇOS DE LIMPEZA E DESINFECÇÃO DE CAIXAS D'ÁGUA, CISTERNAS E RESERVATÓRIOS DA UNIVERSIDADE FEDERAL DO RIO GRANDE DO NORTE - UFRN, PELO PERÍODO DE 12 (DOZE) MESES.";"PR-78/2017";"PREGÃO";"13/04/2018";"13/04/2019"
"14/2018";" 06.248.164/0001-19 - JOSÉ AVAILTON DA CUNHA - ME";"R$        30.930,00";"SERVIÇOS DE LIMPEZA E DESINFECÇÃO DE CAIXAS D'ÁGUA, CISTERNAS E RESERVATÓRIOS DA UNIVERSIDADE FEDERAL DO RIO GRANDE DO NORTE - UFRN, PELO PERÍODO DE 12 (DOZE) MESES";"PR-78/2017";"PREGÃO";"13/04/2018";"13/04/2019"
"16/2018";" 06.885.906/0001-17 - CATENA COMÉRCIO E SERVIÇOS DE ASSISTÊNCIA TÉCNICA LTDA - ME";"R$        58.208,16";"CONTRATAÇÃO DE EMPRESA ESPECIALIZADA NA PRESTAÇÃO DE SERVIÇOS DE MANUTENÇÃO PREVENTIVA E CORRETIVA, DE CALIBRAÇÃO E DE QUALIFICAÇÃO EM EQUIPAMENTOS LABORATORIAIS INSTALADOS NO NÚCLEO DE PESQUISA EM ALIMENTOS E MEDICAMENTOS  NUPLAM";"PR-7/2018";"PREGÃO";"02/05/2018";"02/05/2019"
"17/2018";" 45.997.558/0001-21 - SERTIN COMERCIO E SERVIÇOS TECNICOS DE INSTRUMENTAÇÃO LTDA - EPP";"R$       271.668,25";"CONTRATAÇÃO DE EMPRESA ESPECIALIZADA NA PRESTAÇÃO DE SERVIÇOS DE MANUTENÇÃO PREVENTIVA E CORRETIVA, DE CALIBRAÇÃO E DE QUALIFICAÇÃO EM EQUIPAMENTOS LABORATORIAIS INSTALADOS NO NÚCLEO DE PESQUISA EM ALIMENTOS E MEDICAMENTOS  NUPLAM, DA UNIVERSIDADE FEDERAL DO RIO GRANDE DO NORTE, PELO PERÍODO DE 12 (DOZE) MESES";"PR-7/2018";"PREGÃO";"02/05/2018";"02/05/2019"
"18/2018";" 58.752.460/0001-56 - SHIMADZU DO BRASIL COMERCIO LTDA";"R$       155.763,45";"CONTRATAÇÃO DE EMPRESA ESPECIALIZADA NA PRESTAÇÃO DE SERVIÇOS DE MANUTENÇÃO PREVENTIVA E CORRETIVA, DE CALIBRAÇÃO E DE QUALIFICAÇÃO EM EQUIPAMENTOS LABORATORIAIS INSTALADOS NO NÚCLEO DE PESQUISA EM ALIMENTOS E MEDICAMENTOS  NUPLAM, DA UNIVERSIDADE FEDERAL DO RIO GRANDE DO NORTE";"PR-7/2018";"PREGÃO";"02/05/2018";"02/05/2019"
"19/2018";" 21.949.552/0001-10 - W DA S MOREIRA ENGENHARIA EIRELI-EPP";"R$       187.196,00";"REFORMA DO MUSEU DE CIÊNCIAS MORFOLÓGICAS PROFESSOR IRAN DIOGO FERNANDES, NO CENTRO DE BIOCIÊNCIAS DA UFRN, DE ACORDO COM O PROJETO BÁSICO E DEMAIS ANEXOS DO RDC ELETRÔNICO Nº 028/2017-DMP.";"RDC-28/2017";"REGIME DIF. DE CONTRATAÇÃO";"07/05/2018";"05/11/2018"
"20/2018";" 08.324.196/0001-81 - COMPANHIA ENERGETICA DO RIO GRANDE DO NORTE COSERN";"R$    16.860.000,00";"FORNECIMENTO DE ENERGIA ELÉTRICA PELA CONTRATADA ÀS UNIDADES CONSUMIDORAS ABAIXO RELACIONADAS DE RESPONSABILIDADE DA CONTRATANTE, SOB A CONTRAPRESTAÇÃO DE PAGAMENTO DE FATURA DE ENERGIA ELÉTRICA MENSAL, E, E ACORDO COM AS REGRAS ESTABELECIDAS NA LEGISLAÇÃO PARA A PRESENTE PRESTAÇÃO DE SERVIÇO PÚBLICO, SEM PREJUÍZO DAS CONDIÇÕES ORA PACTUADAS";"DL-9/2018";"DISPENSA DE LICITAÇÃO";"03/05/2018";"03/05/2019"
"21/2018";" 08.981.063/0001-88 - AVANT CONSTRUCOES EIRELI";"R$       179.950,00";"EXECUÇÃO, PELA CONTRATADA, SOB O REGIME DE EMPREITADA POR PREÇO UNITÁRIO, DA MANUTENÇÃO DO IMÓVEL ALUGADO PARA SEDE DO CRUTAC/UFRN, DE ACORDO COM O PROJETO BÁSICO E DEMAIS ANEXOS DO RDC ELETRÔNICO Nº 025/2017-DMP.";"RDC-25/2017";"REGIME DIF. DE CONTRATAÇÃO";"25/05/2018";"21/11/2018"
"22/2018";" 15.597.080/0001-81 - BTECH ENGENHARIA LTDA - EPP";"R$       655.000,00";"CONSTRUÇÃO DE GUARITA E CERCAMENTO DO CÂMPUS DE CURRAIS NOVOS E CERCAMENTO DE UM TERRENO DA FACISA EM SANTA CRUZ/RN - UFRN, DE ACORDO COM O PROJETO BÁSICO E DEMAIS ANEXOS DO RDC ELETRÔNICO Nº 029/2017-DMP";"RDC-29/2017";"REGIME DIF. DE CONTRATAÇÃO";"22/05/2018";"17/01/2019"
"23/2018";" 01.659.728/0001-92 - OFICINA DE PROJETOS LTDA";"R$       140.000,00";"CONTRATAÇÃO DE EMPRESA ESPECIALIZADA NA ÁREA DE PROJETOS EXECUTIVOS DE ARQUITETURA (INCLUINDO TODOS OS RELATÓRIOS: CADASTRAMENTO DO IMÓVEL, MAPEAMENTO DE DANOS E PESQUISA HISTÓRICA DE ACORDO COM OS PADRÕES DO IPHAN), PROJETO DE ACESSIBILIDADE, PROJETO DE FUNDAÇÃO/ESTRUTURA, INSTALAÇÕES ELÉTRICAS/DADOS/VOZ/SPDA, INSTALAÇÕES HIDROSSANITÁRIAS/DRENAGEM, SISTEMA DE COMBATE À INCÊNDIO, SISTEMA DE CLIMATIZAÇÃO, PROJETO DE COMUNICAÇÃO VISUAL E SINALIZAÇÃO E PLANILHA ORÇAMENTÁRIA PARA A RESTAURAÇÃO DO EDIFÍCIO DA ANTIGA SEMUT DO PAC DAS CIDADES HISTÓRICAS  LOCALIZADO NA PRAÇA DO ESTUDANTE, 90 - CIDADE ALTA  NATAL/RN, DE ACORDO COM O PROJETO BÁSICO E DEMAIS ANEXOS DO RDC ELETRÔNICO Nº 024/2017-DMP";"RDC-24/2017";"REGIME DIF. DE CONTRATAÇÃO";"29/05/2018";"24/01/2019"
"24/2018";" 09.367.333/0001-28 - A LUIZ PIRES DA SILVA";"R$         6.800,00";"PRESTAÇÃO DOS SERVIÇOS DE REMOÇÃO DE CADÁVERES DOADOS, CADÁVERES NÃO RECLAMADOS DO LOCAL EM QUE SE ENCONTREM PARA O DEPARTAMENTO DE MORFOLOGIA DO CENTRO DE BIOCIÊNCIAS E DESTE PARA O CEMITÉRIO DESIGNADO, PELO PERÍODO DE 12 MESES.";"DL-23/2018";"DISPENSA DE LICITAÇÃO";"11/07/2018";"11/07/2019"
"25/2018";" 00.948.060/0001-30 - INSTRUCON COMÉRCIO E SERVIÇOS LTDA - ME";"R$     1.449.296,00";"CONTRATAÇÃO DE SERVIÇOS DE MANUTENÇÃO PREVENTIVA E CORRETIVA E DE INSTALAÇÃO E DESINSTALAÇÃO DE APARELHOS DE AR CONDICIONADO, SOB DEMANDA, INCLUINDO O FORNECIMENTO DE MATERIAIS (REPOSIÇÃO E CONSUMO) E A UTILIZAÇÃO DE FERRAMENTAS E EQUIPAMENTOS NECESSÁRIOS E ADEQUADOS À EXECUÇÃO DOS SERVIÇOS.";"PR-60/2017";"PREGÃO";"18/05/2018";"18/05/2019"
"26/2018";" 09.109.140/0001-77 - NORDESTE MARQUISES METALICAS E SERVIÇOS LTDA";"R$       145.360,00";"CONFECÇÃO, MONTAGEM E INSTALAÇÃO DE GRADES E PORTÕES DE FERRO, PARA ATENDER DEMANDAS DA UFRN NO PERÍODO DE 12 (DOZE) MESES. ";"PR-10/2017";"PREGÃO";"03/07/2018";"03/07/2019"
"27/2018";" 01.487.456/0001-90 - BRASECO S/A";"R$         7.155,00";"RECEPÇÃO E DISPOSIÇÃO FINAL DE RESÍDUOS ENTREGUES PELA UNIVERSIDADE FEDERAL DO RIO GRANDE DO NORTE";"IN-11/2018";"INEXIGIBILIDADE DE LICITAÇÃO";"16/07/2018";"16/07/2019"
"28/2018";" 00.033.596/7604-10 - LUCINETE DE SOUZA JALES";"R$        24.000,00";"LOCAÇÃO DE IMÓVEL SITUADO NA RUA PROFESSOR JOSÉ GURGEL, 2986 CAPIM MACIO NATAL RN COM ÁREA DE APVOXIMADAMENTE 167,71M².";"DL-32/2018";"DISPENSA DE LICITAÇÃO";"15/08/2018";"15/08/2019"
"30/2018";" 08.593.089/0001-59 - SOL HOTEIS TURISMO LTDA.";"R$     1.599.168,00";"PRESTAÇÃO DE SERVIÇO DE ORGANIZAÇÃO E EXECUÇÃO DE EVENTOS, SOB DEMANDA, INCLUINDO HOSPEDAGEM, ALIMENTAÇÃO, LOCAÇÃO DE ESPAÇO, EQUIPAMENTOS, DECORAÇÃO E SUPORTE TÉCNICO-OPERACIONAL PARA ATENDER AS DEMANDAS DA UFRN, PELO PERÍODO DE 12 (DOZE) MESES";"PR-49/2017";"PREGÃO";"03/09/2018";"03/09/2019"
